2021-12-13T11:11:11.4711+0200;Process_Instance_1;A
2021-12-14T11:11:11.4711+0200;Process_Instance_1;B
2021-12-15T11:11:11.4711+0200;Process_Instance_1;C
2021-12-16T11:11:11.4711+0200;Process_Instance_1;D
2021-12-17T11:11:11.4711+0200;Process_Instance_1;E
2021-12-18T11:11:11.4711+0200;Process_Instance_2;E
2021-12-19T11:11:11.4711+0200;Process_Instance_2;F
2021-12-20T11:11:11.4711+0200;Process_Instance_3;A
2021-12-21T11:11:11.4711+0200;Process_Instance_3;B
2021-12-22T11:11:11.4711+0200;Process_Instance_3;D
2021-12-23T11:11:11.4711+0200;Process_Instance_3;E
2021-12-24T11:11:11.4711+0200;Process_Instance_3;F
